conceptType,conceptUri,skillType,reuseLevel,preferredLabel,status,altLabels,description,broaderConceptUri,broaderConceptPT
KnowledgeSkillCompetence,http://data.europa.eu/esco/skill/001115fb-569f-4ee6-8381-c6807ef2527f,skill/competence,transversal,проявляти ініціативу,released,,"Бути проактивним та діяти першим, не чекаючи, що скажуть або зроблять інші.
	",http://data.europa.eu/esco/skill/91860993-1a8b-4473-91f3-600aa1924bd0,застосування проактивного підходу
KnowledgeSkillCompetence,http://data.europa.eu/esco/skill/0171653e-c8e9-4c24-bb86-a4b6fe038f25,skill/competence,transversal,сприяти збереженню біорізноманіття та добробуту тварин,released,,"Застосовувати норми поведінки, які сприяють збереженню стійких екосистем та боротьбі з масовим вимиранням, наприклад, робити свідомий вибір на користь дієтичного харчування, що підтримує виробництво органічних харчових продуктів та добробут тварин.
	",http://data.europa.eu/esco/skill/80cf002a-6586-4db7-9c9a-88325a9a5e1b,застосування екологічних навичок і компетенцій
KnowledgeSkillCompetence,http://data.europa.eu/esco/skill/045f71e6-0699-4169-8a54-9c6b96f3174d,skill/competence,transversal,консультувати інших,released,,"Висувати пропозиції щодо оптимального плану дій.
	",http://data.europa.eu/esco/skill/82463bb1-85d1-4e99-a4ce-08508fc3b2a3,підтримка інших
KnowledgeSkillCompetence,http://data.europa.eu/esco/skill/05aa7c09-46e7-433f-a81b-92841f4551e7,skill/competence,transversal,приймати критику та вказівки,released,,"Опрацьовувати негативні відгуки інших осіб та відкрито реагувати на критику, намагаючись визначити в ній потенційні напрямки для вдосконалення.
	",http://data.europa.eu/esco/skill/f5c9eef3-0495-4747-9519-d71a58d252bd,демонстрація бажання вчитися
KnowledgeSkillCompetence,http://data.europa.eu/esco/skill/0b709c64-a57a-4976-86bd-34d2cf34fa4f,skill/competence,transversal,"застосовувати знання з філософії, етики та релігії",released,,"Розкривати та розвивати особистий погляд на роль, значення та ціль людини, зокрема на те, що означає жити, померти та бути людиною.
	",http://data.europa.eu/esco/skill/44ff6716-7d71-4a16-821b-61d10e9e290d,застосування загальних знань
KnowledgeSkillCompetence,http://data.europa.eu/esco/skill/0d75a128-bd88-4c1b-b70d-8e963aeb490c,skill/competence,transversal,впроваджувати способи зменшення забруднення,released,,"Уживати заходів для зниження рівня забруднення повітря, шумового забруднення, світлового забруднення, забруднення води або довкілля, наприклад, використовувати громадський транспорт, не забруднювати жодними відходами довкілля та зменшити випромінювання світла і шуму, зокрема вночі.
	",http://data.europa.eu/esco/skill/80cf002a-6586-4db7-9c9a-88325a9a5e1b,застосування екологічних навичок і компетенцій
KnowledgeSkillCompetence,http://data.europa.eu/esco/skill/113b4428-0a31-4199-8496-070af7854b91,skill/competence,transversal,виконувати зобов’язання,released,,"Виконувати завдання зібрано, надійно та цілеспрямовано.
	",http://data.europa.eu/esco/skill/14c41899-0224-4cbc-bd8c-e946ada2da87,ефективна робота
KnowledgeSkillCompetence,http://data.europa.eu/esco/skill/13b4a3d2-abdf-4442-8e52-d7464a58ecbc,skill/competence,transversal,підлаштовуватися до фізичних вимог,released,,"Демонструвати здатність витримувати високий фізичний стрес від роботи або занять спортом. Таке навантаження охоплює перебування в положенні навколішки, положенні стоячи або біг протягом тривалого часу чи роботу в складних метеорологічних умовах, таких як сильна спека, холод і дощ.
	",http://data.europa.eu/esco/skill/e52389a2-1a05-45b0-8db3-4bda0f0c0b48,реагування на фізичні обставини
KnowledgeSkillCompetence,http://data.europa.eu/esco/skill/199f7919-5114-41b6-b6a5-41e0e4896ec1,skill/competence,transversal,нести відповідальність,released,,"Брати на себе відповідальність за власні професійні рішення та дії або рішення та дії, делеговані іншим.
	",http://data.europa.eu/esco/skill/91860993-1a8b-4473-91f3-600aa1924bd0,застосування проактивного підходу
KnowledgeSkillCompetence,http://data.europa.eu/esco/skill/19a64e91-bfe3-4c48-9225-3bb1229b12f0,skill/competence,transversal,проявляти рішучість,released,,"Виявляти готовність зробити щось, що є складним та вимагає наполегливої праці. Демонструвати значні зусилля, якими керують інтерес до роботи та насолода нею, за відсутності зовнішнього тиску.
	",http://data.europa.eu/esco/skill/91860993-1a8b-4473-91f3-600aa1924bd0,застосування проактивного підходу
KnowledgeSkillCompetence,http://data.europa.eu/esco/skill/19ba11f3-9c99-41fd-a7c9-f77e6a026186,skill/competence,transversal,проводити розрахунки,released,,"Розв’язувати математичні задачі для досягнення пов’язаних із роботою цілей.
	",http://data.europa.eu/esco/skill/edc72cfe-78a8-4531-b00f-92992a0bb8cb,робота із числами й мірами
KnowledgeSkillCompetence,http://data.europa.eu/esco/skill/1d1fedcb-4995-44ac-90f5-f31a157ce512,skill/competence,transversal,долати розчарування,released,,"Зберігати спокій та конструктивно реагувати на власну злість або злість інших чи на перепони або скарги.
	",http://data.europa.eu/esco/skill/2b2c3254-7f6c-47e2-84f1-aece946fbfae,підтримання позитивного настрою
KnowledgeSkillCompetence,http://data.europa.eu/esco/skill/1dabb413-18e8-48ed-a963-44978e67ad32,skill/competence,transversal,розраховувати ймовірності,released,,"Передбачати ймовірність результату на основі розрахунків або досвіду.
	",http://data.europa.eu/esco/skill/edc72cfe-78a8-4531-b00f-92992a0bb8cb,робота із числами й мірами
KnowledgeSkillCompetence,http://data.europa.eu/esco/skill/1ddc021d-d818-4731-904f-842d7491f419,skill/competence,transversal,розпоряджатись фінансовими та матеріальними ресурсами,released,,"Здійснювати ефективне фінансове планування, використовуючи позики, заощадження, інвестиції та субсидії, щоб досягти короткострокових та довгострокових цілей, використовуючи фінансові поради та послуги наставництва із застосуванням критичного мислення, порівнюючи акції та пропозиції під час придбання продуктів або послуг та активно вибираючи відповідні продукти страхування.
	",http://data.europa.eu/esco/skill/6c6957bf-cf1f-4483-9c7e-1655f251b01a,застосування підприємницьких і фінансових навичок та компетенцій
KnowledgeSkillCompetence,http://data.europa.eu/esco/skill/1fce1197-3a5b-45b7-8797-575cd3b57a01,skill/competence,transversal,демонструвати відданість справі,released,,"Виявляти бажання негайно взятися за виконання завдань, навіть якщо вони складні та незручні.
	",http://data.europa.eu/esco/skill/91860993-1a8b-4473-91f3-600aa1924bd0,застосування проактивного підходу
KnowledgeSkillCompetence,http://data.europa.eu/esco/skill/20012caa-b63c-4cb9-b2b8-01a1cfdfc1d1,skill/competence,transversal,швидко мислити,released,,"Бути здатним швидко і точно усвідомлювати та опрацьовувати найважливіші аспекти фактів та зв’язки між ними.
	",http://data.europa.eu/esco/skill/fff1d675-c36a-4c12-9cd4-407f21ccd06a,"обробка інформації, ідей та концепцій"
KnowledgeSkillCompetence,http://data.europa.eu/esco/skill/2aaad52d-599e-4e77-a681-bbc236825821,skill/competence,transversal,оцінювати вплив власної поведінки на навколишнє середовище,released,,"Приймати орієнтований на стійкість світогляд у повсякденному житті та обмірковувати своє особисте ставлення до довкілля та вплив своєї поведінки на довкілля.
	",http://data.europa.eu/esco/skill/80cf002a-6586-4db7-9c9a-88325a9a5e1b,застосування екологічних навичок і компетенцій
KnowledgeSkillCompetence,http://data.europa.eu/esco/skill/35ebe444-9ece-4fbc-a55d-e99ea37267ae,skill/competence,transversal,контролювати якість,released,,"Прагнути до досконалості робочих процесів, продукції та діяльності.
	",http://data.europa.eu/esco/skill/14c41899-0224-4cbc-bd8c-e946ada2da87,ефективна робота
KnowledgeSkillCompetence,http://data.europa.eu/esco/skill/409a0245-0e6c-4aac-ba16-0920ecb76a8d,skill/competence,transversal,здійснювати самоаналіз,released,,"Ефективно, регулярно і систематично обмірковувати власні дії, продуктивність і ставлення та відповідно коригувати їх, намагаючись знайти можливості професійного розвитку, щоб заповнити прогалини в знаннях та практиці у визначених галузях. Оцінювати вплив вашого професійного розвитку.
	",http://data.europa.eu/esco/skill/f5c9eef3-0495-4747-9519-d71a58d252bd,демонстрація бажання вчитися
KnowledgeSkillCompetence,http://data.europa.eu/esco/skill/429062f1-a958-43ea-83dd-4e1af078c156,skill/competence,transversal,демонструвати допитливість,released,,"Виявляти живий інтерес до новизни, відкритість до нового досвіду, знаходити захопливі предмети і теми, активно досліджувати та відкривати нові галузі.
	",http://data.europa.eu/esco/skill/f5c9eef3-0495-4747-9519-d71a58d252bd,демонстрація бажання вчитися
KnowledgeSkillCompetence,http://data.europa.eu/esco/skill/468135b7-5757-48c3-9509-fde0e13ec5be,skill/competence,transversal,керувати особистим розвитком,released,,"Відповідати за свої навички і компетенції та презентувати їх, щоб просуватися вперед у кар’єрі й особистому житті.
	",http://data.europa.eu/esco/skill/91860993-1a8b-4473-91f3-600aa1924bd0,застосування проактивного підходу
KnowledgeSkillCompetence,http://data.europa.eu/esco/skill/469748ce-051a-407e-9099-0c9415ac2705,skill/competence,transversal,позитивно ставитись до викликів,released,,"Застосовувати позитивне ставлення та конструктивний підхід, коли долаєте виклики.
	",http://data.europa.eu/esco/skill/2b2c3254-7f6c-47e2-84f1-aece946fbfae,підтримання позитивного настрою
KnowledgeSkillCompetence,http://data.europa.eu/esco/skill/4707da90-9cfc-46ca-8de0-38a0b7bfb137,skill/competence,transversal,аналітично мислити,released,,"Формулювати думки за допомогою логіки та обґрунтування для визначення сильних та слабких сторін альтернативних рішень, висновків або підходів до проблем.
	",http://data.europa.eu/esco/skill/fff1d675-c36a-4c12-9cd4-407f21ccd06a,"обробка інформації, ідей та концепцій"
KnowledgeSkillCompetence,http://data.europa.eu/esco/skill/49de9958-2aa4-4eef-a89d-fe5d5bcd28c4,skill/competence,transversal,адаптуватися до змін,released,,"Змінювати ставлення або поведінку, щоб підлаштуватися під зміни на робочому місці.
	",http://data.europa.eu/esco/skill/f5c9eef3-0495-4747-9519-d71a58d252bd,демонстрація бажання вчитися
KnowledgeSkillCompetence,http://data.europa.eu/esco/skill/4c3ab565-747c-4db3-8c47-79e8d6f98cf4,skill/competence,transversal,впроваджувати способи зменшення негативних наслідків споживання,released,,"Застосовувати принципи, стратегії та норми, спрямовані на екологічну сталість, зокрема зменшувати кількість відходів, скорочувати споживання енергії й води, повторно використовувати і переробляти продукти та долучатися до економіки спільного споживання.
	",http://data.europa.eu/esco/skill/80cf002a-6586-4db7-9c9a-88325a9a5e1b,застосування екологічних навичок і компетенцій
KnowledgeSkillCompetence,http://data.europa.eu/esco/skill/4c772721-9280-49cb-9988-b6ea3d36b06d,skill/competence,transversal,підтримувати психологічний добробут,released,,"Уміти уникати загроз для психологічного добробуту, наприклад під час використання цифрових технологій, зокрема зберігати здоровий баланс між роботою, особистим життям і навчанням.
	",http://data.europa.eu/esco/skill/3d54fec5-d9cb-45a0-bf8d-ffaf3790a5bb,"застосування навичок і компетенцій, пов’язаних зі здоров’ям"
KnowledgeSkillCompetence,http://data.europa.eu/esco/skill/4cde32b5-fc2f-4257-a8b9-5b15a67ee3e5,skill/competence,transversal,захищати здоров’я інших людей,released,,"Запобігати завданню шкоди членам сім’ї, підопічним особам і співгромадянам та підтримувати їх реабілітацію, зокрема відповідно реагувати в разі нещасних випадків, наприклад, надавати першу допомогу.
	",http://data.europa.eu/esco/skill/3d54fec5-d9cb-45a0-bf8d-ffaf3790a5bb,"застосування навичок і компетенцій, пов’язаних зі здоров’ям"
KnowledgeSkillCompetence,http://data.europa.eu/esco/skill/5b46f572-7ced-4efd-b270-a81a164d521c,skill/competence,transversal,модерувати дискусію,released,,"Застосовувати техніки та методи модерації для проведення дискусій між двома або більше особами, зокрема на таких заходах як семінари, конференції або онлайн-заходи. Забезпечувати коректність та ввічливість під час дебатів.
	",http://data.europa.eu/esco/skill/6f142deb-03a9-4cd7-94ce-e0f023ae2169,спілкування
KnowledgeSkillCompetence,http://data.europa.eu/esco/skill/5c3ab99d-a3f1-4620-9602-d12d2151a03d,skill/competence,transversal,"застосовувати знання з галузі науки, техніки та інженерії",released,,"Розвивати та застосовувати розуміння реального світу і його керівних принципів, наприклад, шляхом складання розсудливих прогнозів щодо причин і наслідків, створення тестувань таких прогнозів та проведення вимірювань за допомогою відповідних установок, інструментів й устаткування.
	",http://data.europa.eu/esco/skill/44ff6716-7d71-4a16-821b-61d10e9e290d,застосування загальних знань
KnowledgeSkillCompetence,http://data.europa.eu/esco/skill/5c526c52-4f0a-4647-8c51-c91568acebb1,skill/competence,transversal,обробляти просторову інформацію,released,,"Уміти подумки уявляти позицію та відносини тіл у тривимірних просторах, розвиваючи належне почуття пропорційності.
	",http://data.europa.eu/esco/skill/edc72cfe-78a8-4531-b00f-92992a0bb8cb,робота із числами й мірами
KnowledgeSkillCompetence,http://data.europa.eu/esco/skill/5ca953f7-541d-4f67-bc55-7721348366cf,skill/competence,transversal,поважати різноманіття культурних цінностей і норм,released,,"Демонструвати навички міжкультурного спілкування та повагу до власних культурних цінностей і норм. Виявляти толерантність до різних цінностей і норм, яких дотримуються різні люди та культури та які сформувалися за різних обставин, в різні часи або в різних місцях, та цінувати їх.
	",http://data.europa.eu/esco/skill/d6e97b91-b75d-45f5-8566-667798957b0f,застосування громадянських навичок і компетенцій
KnowledgeSkillCompetence,http://data.europa.eu/esco/skill/5cd1930c-278d-4929-b413-27352f5b3687,skill/competence,transversal,справлятися з невизначеністю,released,,"Толерантно поводитися та конструктивно працювати в неочікуваних і непередбачуваних ситуаціях.
	",http://data.europa.eu/esco/skill/2b2c3254-7f6c-47e2-84f1-aece946fbfae,підтримання позитивного настрою
KnowledgeSkillCompetence,http://data.europa.eu/esco/skill/609a8ac1-9d29-4237-9886-596dbbe7ca8a,skill/competence,transversal,виступати перед аудиторією,released,,"Говорити структуровано, обмірковано та особисто до групи слухачів, щоб поінформувати їх, вплинути на них або розважити їх.
	",http://data.europa.eu/esco/skill/6f142deb-03a9-4cd7-94ce-e0f023ae2169,спілкування
KnowledgeSkillCompetence,http://data.europa.eu/esco/skill/60c78287-22eb-4103-9c8c-28deaa460da0,skill/competence,transversal,працювати в колективах,released,,"Упевнено працювати в групі, де кожен виконує свою частину роботи заради цілого.
	",http://data.europa.eu/esco/skill/036afa6e-cdde-4b38-a53a-8e7910a840e1,співпраця в командах і спільнотах
KnowledgeSkillCompetence,http://data.europa.eu/esco/skill/669b75d8-671c-4a1c-8e0b-6466c513c27d,skill/competence,transversal,демонструвати впевненість,released,,"Демонструвати ступені зрілості завдяки повному розумінню своїх власних якостей і здібностей, які можуть слугувати джерелом упевненості в різних ситуаціях.
	",http://data.europa.eu/esco/skill/2b2c3254-7f6c-47e2-84f1-aece946fbfae,підтримання позитивного настрою
KnowledgeSkillCompetence,http://data.europa.eu/esco/skill/699e7c26-6502-4e78-a823-3656ff5a5b8b,skill/competence,transversal,інструктувати інших,released,,"Настановляти або навчати інших шляхом забезпечення відповідних знань та підтримки.
	",http://data.europa.eu/esco/skill/82463bb1-85d1-4e99-a4ce-08508fc3b2a3,підтримка інших
KnowledgeSkillCompetence,http://data.europa.eu/esco/skill/6b2f8802-0cbf-436e-a37f-ca55ede41bbc,skill/competence,transversal,працювати з цифровим обладнанням,released,,"Використовувати обладнання, як-от монітор, мишу, клавіатуру, запам&apos;ятовуючі пристрої, принтери і сканери та інше обладнання, для виконання таких операцій, як підключення, запуск, завершення роботи, перезавантаження, збереження файлів тощо.
	",http://data.europa.eu/esco/skill/3399045f-8078-4066-8b46-475b49b260ab,робота із цифровими пристроями й прикладними програмами
KnowledgeSkillCompetence,http://data.europa.eu/esco/skill/6b305973-8993-475f-bd8a-daf037c61401,skill/competence,transversal,"систематизувати інформацію, об’єкти та ресурси",released,,"Розуміти свої завдання та процеси, що їх супроводжують. Організовувати інформацію, об’єкти і ресурси за допомогою систематичних методів і відповідно до встановлених стандартів та забезпечувати освоєння завдання.
	",http://data.europa.eu/esco/skill/66fdc34c-2326-4baa-b8ff-7a1d1015fe3a,планування й організація
KnowledgeSkillCompetence,http://data.europa.eu/esco/skill/6fc6f757-6baa-49fe-9a82-6ba6a52f2e13,skill/competence,transversal,інтерпретувати математичну інформацію,released,,"Демонструвати розуміння математичних термінів і концепцій та застосовувати базові математичні принципи і процеси для тлумачення даних і фактів.
	",http://data.europa.eu/esco/skill/edc72cfe-78a8-4531-b00f-92992a0bb8cb,робота із числами й мірами
KnowledgeSkillCompetence,http://data.europa.eu/esco/skill/72d1fa5d-1b7f-48e7-84e3-6e779841ddf1,skill/competence,transversal,демонструвати лояльність,released,,"Демонструвати внутрішню прив’язаність до групи чи організації, зокрема поділяти й представляти її цінності.
	",http://data.europa.eu/esco/skill/925af2b5-2f4d-4cce-92cc-79e1ff887c7d,дотримання етичного кодексу поведінки
KnowledgeSkillCompetence,http://data.europa.eu/esco/skill/75d8e5d9-bef3-418b-9011-01bff9f27207,skill/competence,transversal,очолювати інших людей,released,,"Настановляти, інструктувати та спрямовувати інших до досягнення спільної мети, виконуючи роль лідера часто в групі або команді. Виконувати, діяти та поводитися так, щоб надихнути співробітників наслідувати приклад їхніх керівників.
	",http://data.europa.eu/esco/skill/fe5eabaa-63f6-4c44-b405-fc3ded8d56cb,керівництво іншими
KnowledgeSkillCompetence,http://data.europa.eu/esco/skill/77b636e8-fab3-41a8-8022-1e0a354059dc,skill/competence,transversal,проявляти емпатію,released,,"Виявляти емпатію, щоб запобігати символічному насильству й ізоляції будь-якого виду та гарантувати тактовну увагу кожному. Сюди слід віднести здатність розуміти різні види вербального та невербального вираження настрою і почуттів.
	",http://data.europa.eu/esco/skill/82463bb1-85d1-4e99-a4ce-08508fc3b2a3,підтримка інших
KnowledgeSkillCompetence,http://data.europa.eu/esco/skill/7954861c-86d4-4529-afbb-2c23dab9ac74,skill/competence,transversal,домовлятися про компроміси,released,,"Спілкуватися з іншими для досягнення спільного розуміння або врегулювання розбіжностей, не забуваючи про власні наміри чи цілі або наміри чи цілі інших.
	",http://data.europa.eu/esco/skill/6f142deb-03a9-4cd7-94ce-e0f023ae2169,спілкування
KnowledgeSkillCompetence,http://data.europa.eu/esco/skill/7a147904-22b3-498a-b4d9-7bceeb86b45d,skill/competence,transversal,долати стрес,released,,"Справлятися з викликами, крахом і змінами та оговтуватися від невдач і скрути.
	",http://data.europa.eu/esco/skill/2b2c3254-7f6c-47e2-84f1-aece946fbfae,підтримання позитивного настрою
KnowledgeSkillCompetence,http://data.europa.eu/esco/skill/7a93e22f-54d8-4bf0-9213-d711f6601b49,skill/competence,transversal,працювати ефективно,released,,"Досягати цілей з найменшими витратами часу, зусиль і коштів.
	",http://data.europa.eu/esco/skill/14c41899-0224-4cbc-bd8c-e946ada2da87,ефективна робота
KnowledgeSkillCompetence,http://data.europa.eu/esco/skill/7d9bace0-63d0-4848-ac87-350a98082c12,skill/competence,transversal,брати активну участь у громадському житті,released,,"Активно долучатися до діяльності, що становить спільний або громадський інтерес, наприклад, до ініціатив громадян, громад чи сусідства, волонтерських можливостей та недержавних організації.
	",http://data.europa.eu/esco/skill/d6e97b91-b75d-45f5-8566-667798957b0f,застосування громадянських навичок і компетенцій
KnowledgeSkillCompetence,http://data.europa.eu/esco/skill/7dd94ad3-13d6-43fe-8b94-51fcbf67ced9,skill/competence,transversal,критично мислити,released,,"Формувати та захищати судження на основі внутрішніх доказів і зовнішніх критеріїв. Критично оцінювати достовірність і надійність інформації перед тим, як використовувати її або передати іншим. Розвивати незалежне і критичне мислення.
	",http://data.europa.eu/esco/skill/fff1d675-c36a-4c12-9cd4-407f21ccd06a,"обробка інформації, ідей та концепцій"
KnowledgeSkillCompetence,http://data.europa.eu/esco/skill/7f321b88-3d16-4e30-8163-5494ca8ce978,skill/competence,transversal,залучати інших людей до екологічного ставлення до навколишнього середовища,released,,"Інформувати про екологічно безпечну поведінку та пропагувати її в соціальних мережах і на роботі.
	",http://data.europa.eu/esco/skill/80cf002a-6586-4db7-9c9a-88325a9a5e1b,застосування екологічних навичок і компетенцій
KnowledgeSkillCompetence,http://data.europa.eu/esco/skill/83e6510b-ffeb-4aec-959c-4265fd0ff7b7,skill/competence,transversal,приділяти увагу деталям,released,,"Завершувати завдання, зважаючи на всі дотичні сфери, якими незначними вони б не були.
	",http://data.europa.eu/esco/skill/14c41899-0224-4cbc-bd8c-e946ada2da87,ефективна робота
KnowledgeSkillCompetence,http://data.europa.eu/esco/skill/88b0c49e-7c2e-4ccc-aca3-fbd4bbc2081c,skill/competence,transversal,усвідомлено користуватися системою охорони здоров’я,released,,"Визначати та вибирати правильні профілактичні й лікувальні послуги або агенції, які пропонують послуги в галузі охорони здоров’я, та безпечно застосовувати відповідні лікарські засоби.
	",http://data.europa.eu/esco/skill/3d54fec5-d9cb-45a0-bf8d-ffaf3790a5bb,"застосування навичок і компетенцій, пов’язаних зі здоров’ям"
KnowledgeSkillCompetence,http://data.europa.eu/esco/skill/896a5e0c-7ac9-4e59-a9bf-17fdca6b1c37,skill/competence,transversal,просувати принципи демократії та верховенства права,released,,"Відігравати активну роль у пропагуванні принципів демократії, соціальної справедливості та верховенства права. Боротися з дискримінацією за ознакою етнічної приналежності, культури, статі чи сексуальної орієнтації, а також за ознакою соціального походження, освіти чи майнового стану, шляхом оцінювання та озвучування наслідків для різних груп будь-якої запланованої дії, зокрема законодавства, політики або програм.
	",http://data.europa.eu/esco/skill/d6e97b91-b75d-45f5-8566-667798957b0f,застосування громадянських навичок і компетенцій
KnowledgeSkillCompetence,http://data.europa.eu/esco/skill/93350886-a21b-4e61-a1b1-319a325c0f90,skill/competence,transversal,творчо самовиражатися,released,,"Уміти використовувати мистецтво співу, танцю, інструментальної гри, акторської гри чи образотворче мистецтво для творчого самовираження.
	",http://data.europa.eu/esco/skill/6115ff80-3d84-4e87-8e2b-6ede7ee004b4,застосування культурних навичок і компетенцій
KnowledgeSkillCompetence,http://data.europa.eu/esco/skill/96de2e86-e287-41f2-88ab-15a2343afc6f,skill/competence,transversal,вирішувати конфлікти,released,,"Здійснювати медіацію в конфліктах і напружених ситуаціях, діючи між сторонами, намагаючись досягти угоди, примирити їх та вирішити проблеми. Урегульовувати конфлікт так, щоб жодна з жертв не почувалася, наче з нею вчинили несправедливо, та заздалегідь уникати суперечок.
	",http://data.europa.eu/esco/skill/6f142deb-03a9-4cd7-94ce-e0f023ae2169,спілкування
KnowledgeSkillCompetence,http://data.europa.eu/esco/skill/98a999db-72d5-4657-a0b0-2f850afd4368,skill/competence,transversal,цінувати різноманітні форми культурного та мистецького самовираження,released,,"Виявляти естетичні почуття, інтерес та відкритість до культурного вираження різного культурного походження.
	",http://data.europa.eu/esco/skill/6115ff80-3d84-4e87-8e2b-6ede7ee004b4,застосування культурних навичок і компетенцій
KnowledgeSkillCompetence,http://data.europa.eu/esco/skill/9bf266a6-188b-4d17-a22f-2f266d76832b,skill/competence,transversal,демонструвати готовність до навчання,released,,"Виявляти позитивне ставлення до нових і складних вимог, які можна виконати лише завдяки безперервному навчанню.
	",http://data.europa.eu/esco/skill/f5c9eef3-0495-4747-9519-d71a58d252bd,демонстрація бажання вчитися
KnowledgeSkillCompetence,http://data.europa.eu/esco/skill/9c0f93f7-2592-4d4d-9673-fd640502345f,skill/competence,transversal,"точно використовувати обладнання, інструменти й технології",released,,"Використовувати самостійно деталі, інструменти, прецизійні інструменти або устаткування для виконання ручної роботи з мінімальною підготовкою чи без неї.
	",http://data.europa.eu/esco/skill/ccb6db6a-8538-431c-b740-5f241bdb71cf,маніпулювання та керування об’єктами й обладнанням
KnowledgeSkillCompetence,http://data.europa.eu/esco/skill/9cfd2219-553c-4d67-81e5-951e87c65135,skill/competence,transversal,зберігати концентрацію уваги протягом тривалого часу,released,,"Залишатися зосередженим протягом тривалого часу, щоб зробити правильні судження та ухвалити належні рішення.
	",http://data.europa.eu/esco/skill/14c41899-0224-4cbc-bd8c-e946ada2da87,ефективна робота
KnowledgeSkillCompetence,http://data.europa.eu/esco/skill/a628d2d1-f40a-4c37-a357-2801726f2996,skill/competence,transversal,виявляти проблеми,released,,"Визначати і виявляти проблеми та ухвалювати рішення щодо оптимального плану дій. Відповідно за необхідності звітувати про проблеми.
	",http://data.europa.eu/esco/skill/13d301d0-98cb-414f-a8f9-a3f059228133,вирішення проблем
KnowledgeSkillCompetence,http://data.europa.eu/esco/skill/a68bdf1e-b325-4880-b456-192c2891931a,skill/competence,transversal,підтримувати фізичну форму,released,,"Засвоювати та застосовувати форми профілактичної здорової поведінки, зокрема регулярні фізичні вправи, здоровий сон та здорове харчування.
	",http://data.europa.eu/esco/skill/3d54fec5-d9cb-45a0-bf8d-ffaf3790a5bb,"застосування навичок і компетенцій, пов’язаних зі здоров’ям"
KnowledgeSkillCompetence,http://data.europa.eu/esco/skill/adc6dc11-3376-467b-96c5-9b0a21edc869,skill/competence,transversal,розв’язувати проблеми,released,,"Знаходити рішення для практичних, операційних чи концептуальних проблем у широкому колі контекстів.
	",http://data.europa.eu/esco/skill/13d301d0-98cb-414f-a8f9-a3f059228133,вирішення проблем
KnowledgeSkillCompetence,http://data.europa.eu/esco/skill/b00e948c-19be-4951-8cff-60f88f1046e9,skill/competence,transversal,делегувати відповідальність,released,,"Делегувати іншим обов’язки, діяльність і завдання відповідно до здібностей, рівня підготовки та компетенцій. Переконуватися, що люди розуміють, що і коли вони повинні робити.
	",http://data.europa.eu/esco/skill/fe5eabaa-63f6-4c44-b405-fc3ded8d56cb,керівництво іншими
KnowledgeSkillCompetence,http://data.europa.eu/esco/skill/b080a008-a35d-4bd0-92e9-edf3773bb2b7,skill/competence,transversal,використовувати програмне забезпечення для комунікації та співпраці,released,,"Використовувати прості цифрові інструменти й технології для спілкування, взаємодії та співпраці з іншими.
	",http://data.europa.eu/esco/skill/3399045f-8078-4066-8b46-475b49b260ab,робота із цифровими пристроями й прикладними програмами
KnowledgeSkillCompetence,http://data.europa.eu/esco/skill/b19e0820-a96f-4c0a-a724-3c056180c1b3,skill/competence,transversal,формувати командний дух,released,,"Будувати відносини взаємодовіри, поваги та співпраці серед членів одного колективу.
	",http://data.europa.eu/esco/skill/fe5eabaa-63f6-4c44-b405-fc3ded8d56cb,керівництво іншими
KnowledgeSkillCompetence,http://data.europa.eu/esco/skill/b40584aa-7c63-4eed-9422-a9798fb95fdc,skill/competence,transversal,імпровізувати,released,,"Вміти імпровізувати та реагувати негайно і без попереднього плану на ситуації, про які раніше не було відомо.
	",http://data.europa.eu/esco/skill/e84d080a-ff6d-41a7-b7b9-133e97c7bf00,творче й інноваційне мислення
KnowledgeSkillCompetence,http://data.europa.eu/esco/skill/b618584f-6bdf-4d8f-89a7-f28c2c95afc2,skill/competence,transversal,дотримуватися правил,released,,"Дотримуватися правил, норм і настанов, пов’язаних із конкретною сферою чи конкретним сектором, поважати їх та застосовувати в повсякденному житті.
	",http://data.europa.eu/esco/skill/925af2b5-2f4d-4cce-92cc-79e1ff887c7d,дотримання етичного кодексу поведінки
KnowledgeSkillCompetence,http://data.europa.eu/esco/skill/b6bdf202-524f-475d-b813-2aa9af005c37,skill/competence,transversal,переміщати предмети,released,,"Виконувати фізичну роботу з переміщення, завантаження, вивантаження або зберігання предметів вручну або за допомогою обладнання.
	",http://data.europa.eu/esco/skill/ccb6db6a-8538-431c-b740-5f241bdb71cf,маніпулювання та керування об’єктами й обладнанням
KnowledgeSkillCompetence,http://data.europa.eu/esco/skill/ba93b71b-c433-4a01-8246-ed2daa85a9a2,skill/competence,transversal,здійснювати пошук в інтернеті,released,,"Шукати дані, інформацію й контент через простий пошук у цифровому середовищі.
	",http://data.europa.eu/esco/skill/3399045f-8078-4066-8b46-475b49b260ab,робота із цифровими пристроями й прикладними програмами
KnowledgeSkillCompetence,http://data.europa.eu/esco/skill/bc0b0b5d-f6be-405a-b224-b6902a4dbe97,skill/competence,cross-sector,керувати цифровою ідентичністю,released,,"Створювати одну або декілька цифрових ідентичностей та розпоряджатись ними, уміти захищати свою репутацію, працювати з даними, створеними за допомогою декількох цифрових інструментів, середовищ та послуг.
	",http://data.europa.eu/esco/skill/574257ea-7b64-4100-b7b6-e27c233fe143 | http://data.europa.eu/esco/skill/3399045f-8078-4066-8b46-475b49b260ab,цифрове спілкування та співпраця | робота із цифровими пристроями й прикладними програмами
KnowledgeSkillCompetence,http://data.europa.eu/esco/skill/bcf002ce-90f8-42e5-ac1b-5dba208639b0,skill/competence,transversal,демонструвати надійність,released,,"Демонструвати чесність, щирість і надійність на робочому місці. Виявляти лояльність до своєї команди й організації та доводити добросовісність.
	",http://data.europa.eu/esco/skill/925af2b5-2f4d-4cce-92cc-79e1ff887c7d,дотримання етичного кодексу поведінки
KnowledgeSkillCompetence,http://data.europa.eu/esco/skill/bdcf429c-5ccf-4c3d-bb61-4c987573a35e,skill/competence,transversal,проявляти підприємницький хист,released,,"Створювати, організовувати власне комерційне підприємство та здійснювати управління ним, визначаючи і використовуючи можливості, мобілізуючи ресурси та пам’ятаючи про перспективи прибутковості. Демонструвати проактивне ставлення та рішучість досягти успіху в бізнесі.
	",http://data.europa.eu/esco/skill/6c6957bf-cf1f-4483-9c7e-1655f251b01a,застосування підприємницьких і фінансових навичок та компетенцій
KnowledgeSkillCompetence,http://data.europa.eu/esco/skill/be6ab363-3de1-427f-a8ef-85d5b0250822,skill/competence,transversal,повідомляти про факти,released,,"Передавати інформацію або розповідати про події усно.
	",http://data.europa.eu/esco/skill/6f142deb-03a9-4cd7-94ce-e0f023ae2169,спілкування
KnowledgeSkillCompetence,http://data.europa.eu/esco/skill/bf4d884f-c848-402a-b130-69c266b04164,skill/competence,transversal,застосовувати базові навички програмування,released,,"Складати переліки простих інструкцій для обчислювальної системи, щоб вирішувати проблеми або виконувати завдання на базовому рівні та, за необхідності, під належним керівництвом.
	",http://data.europa.eu/esco/skill/3399045f-8078-4066-8b46-475b49b260ab,робота із цифровими пристроями й прикладними програмами
KnowledgeSkillCompetence,http://data.europa.eu/esco/skill/bf983f2a-e941-4646-811d-cc81060cb53f,skill/competence,transversal,будувати мережі,released,,"Демонструвати здатність налагоджувати ефективні відносини, розвивати та підтримувати об’єднання, контакти чи партнерства та обмінюватися інформацією з іншими.
	",http://data.europa.eu/esco/skill/036afa6e-cdde-4b38-a53a-8e7910a840e1,співпраця в командах і спільнотах
KnowledgeSkillCompetence,http://data.europa.eu/esco/skill/c10d5d87-36cf-42f5-8a12-e560fb5f4af8,skill/competence,transversal,демонструвати навички міжкультурного спілкування,released,,"Розуміти та поважати людей, яких вважають спорідненими з іншими культурами, відповідати їм ввічливо і щодо суті.
	",http://data.europa.eu/esco/skill/036afa6e-cdde-4b38-a53a-8e7910a840e1,співпраця в командах і спільнотах
KnowledgeSkillCompetence,http://data.europa.eu/esco/skill/c29aa9d2-4da8-4bdd-831c-8d4a2fb51730,skill/competence,transversal,працювати самостійно,released,,"Розробляти власні способи виконання завдань, мотивуючи себе під незначним наглядом або без нього і покладаючись на себе, щоб досягти результату.
	",http://data.europa.eu/esco/skill/14c41899-0224-4cbc-bd8c-e946ada2da87,ефективна робота
KnowledgeSkillCompetence,http://data.europa.eu/esco/skill/c2a0c52c-0b4b-4180-a918-92650ea3b458,skill/competence,transversal,мислити інноваційно,released,,"Розробляти ідеї або рішення, що призводять до створення та впровадження інновацій чи змін.
	",http://data.europa.eu/esco/skill/e84d080a-ff6d-41a7-b7b9-133e97c7bf00,творче й інноваційне мислення
KnowledgeSkillCompetence,http://data.europa.eu/esco/skill/c4180af3-befd-4bd8-9a65-6a496f9d9f15,skill/competence,transversal,демонструвати обізнаність із ризиками для здоров’я,released,,"Уміти оцінювати ризики для особистого здоров’я та управляти ними, наприклад, дотримуючись техніки безпеки під час роботи, застосовуючи заходи пожежної безпеки, дотримуючись норм ергономіки і застосовуючи їх та враховуючи вплив наркотиків й алкоголю на окремих осіб, сім’ї та спільноти.
	",http://data.europa.eu/esco/skill/3d54fec5-d9cb-45a0-bf8d-ffaf3790a5bb,"застосування навичок і компетенцій, пов’язаних зі здоров’ям"
KnowledgeSkillCompetence,http://data.europa.eu/esco/skill/c624c6a3-b0ba-4a31-a296-0d433fe47e41,skill/competence,transversal,мислити творчо,released,,"Породжувати нові ідеї або поєднувати наявні для розроблення інноваційних та новітніх рішень.
	",http://data.europa.eu/esco/skill/e84d080a-ff6d-41a7-b7b9-133e97c7bf00,творче й інноваційне мислення
KnowledgeSkillCompetence,http://data.europa.eu/esco/skill/d56e2c2f-3e01-4b76-a7bb-ecb6d430172f,skill/competence,transversal,мислити комплексно,released,,"Ураховувати непрямі та довготривалі наслідки під час планування та ухвалення рішень. Зважати на вплив на людей, процеси та довкілля та включати його в свої плани.
	",http://data.europa.eu/esco/skill/fff1d675-c36a-4c12-9cd4-407f21ccd06a,"обробка інформації, ідей та концепцій"
KnowledgeSkillCompetence,http://data.europa.eu/esco/skill/d62d2b4c-a6f8-439e-8a1b-4f29ab5f2c47,skill/competence,transversal,ухвалювати рішення,released,,"Вибирати з кількох альтернативних можливостей.
	",http://data.europa.eu/esco/skill/91860993-1a8b-4473-91f3-600aa1924bd0,застосування проактивного підходу
KnowledgeSkillCompetence,http://data.europa.eu/esco/skill/d822b4b2-26c7-4bd9-970d-229c6504f615,skill/competence,transversal,створювати цифровий контент,released,,"Створювати та редагувати прості елементи цифрового контенту, за необхідності під керівництвом.
	",http://data.europa.eu/esco/skill/3399045f-8078-4066-8b46-475b49b260ab,робота із цифровими пристроями й прикладними програмами
KnowledgeSkillCompetence,http://data.europa.eu/esco/skill/d9013e0e-e937-43d5-ab71-0e917ee882b8,skill/competence,transversal,ефективно використовувати час,released,,"Планувати часову послідовність заходів, програм та дій, а також роботи інших.
	",http://data.europa.eu/esco/skill/14c41899-0224-4cbc-bd8c-e946ada2da87,ефективна робота
KnowledgeSkillCompetence,http://data.europa.eu/esco/skill/d9449998-c1f5-478c-a103-2255398cf0b6,skill/competence,transversal,дотримуватися гігієнічних норм,released,,"Брати особисту відповідальність за гарантування безпечного й асептичного робочого та побутового середовища, включно з використанням масок, дезінфекційних засобів і загальних засобів особистої гігієни.
	",http://data.europa.eu/esco/skill/3d54fec5-d9cb-45a0-bf8d-ffaf3790a5bb,"застосування навичок і компетенцій, пов’язаних зі здоров’ям"
KnowledgeSkillCompetence,http://data.europa.eu/esco/skill/db33c0f3-43ee-4ba3-ba47-9269ac837697,skill/competence,transversal,критично оцінювати інформацію та її джерела,released,,"Уміти оцінювати та аналізувати інформацію і її джерела. Демонструвати здатність отримувати доступ до традиційних і нових форм медіа, критично оцінювати їх і їхні роль та функцію в демократичних суспільствах.
	",http://data.europa.eu/esco/skill/d6e97b91-b75d-45f5-8566-667798957b0f,застосування громадянських навичок і компетенцій
KnowledgeSkillCompetence,http://data.europa.eu/esco/skill/dcc99418-d896-4b3b-8596-658093a17a8f,skill/competence,transversal,лікувати хронічні патології,released,,"Визначати та застосовувати способи мінімізації негативного впливу хронічних патологічних станів, включно з користуванням допоміжними засобами для зору, слуху і ходьби, відповідними лікарськими засобами та належною соціальною і медичною підтримкою.
	",http://data.europa.eu/esco/skill/3d54fec5-d9cb-45a0-bf8d-ffaf3790a5bb,"застосування навичок і компетенцій, пов’язаних зі здоров’ям"
KnowledgeSkillCompetence,http://data.europa.eu/esco/skill/deb3c1bc-d48a-42e6-b0cc-cb238534ec28,skill/competence,transversal,застосовувати знання з соціальних та гуманітарних наук,released,,"Демонструвати розуміння природи, множинності та функції соціальних і політичних груп та їхнього зв’язку із соціально-економічним виміром суспільства. Розуміти роль і місце осіб у суспільстві.
	",http://data.europa.eu/esco/skill/44ff6716-7d71-4a16-821b-61d10e9e290d,застосування загальних знань
KnowledgeSkillCompetence,http://data.europa.eu/esco/skill/df5e3d02-9f0f-44ee-91c2-85c62f161868,skill/competence,transversal,"просувати ідеї, продукти, послуги",released,,"Представляти та рекламувати продукцію, програми і послуги, щоб переконати інших та вплинути на них.
	",http://data.europa.eu/esco/skill/6f142deb-03a9-4cd7-94ce-e0f023ae2169,спілкування
KnowledgeSkillCompetence,http://data.europa.eu/esco/skill/e2d44a9b-f28c-489e-9861-b654b5ded507,skill/competence,transversal,мотивувати інших,released,,"Скеровувати поведінку інших людей, вказуючи переконливу причину для дії.
	",http://data.europa.eu/esco/skill/fe5eabaa-63f6-4c44-b405-fc3ded8d56cb,керівництво іншими
KnowledgeSkillCompetence,http://data.europa.eu/esco/skill/e37d64dc-0f05-4ee8-b065-bf76f70d8f5c,skill/competence,transversal,дотримуватися зобов’язань щодо конфіденційності,released,,"Зберігати необхідну обачність і стриманість під час роботи з конфіденційною, секретною або неприємною інформацією.
	",http://data.europa.eu/esco/skill/925af2b5-2f4d-4cce-92cc-79e1ff887c7d,дотримання етичного кодексу поведінки
KnowledgeSkillCompetence,http://data.europa.eu/esco/skill/e49f4158-9d4c-425d-bf32-dfe89b19840a,skill/competence,transversal,планувати,released,,"Управляти своїми графіком і ресурсами, щоб вчасно завершити завдання.
	",http://data.europa.eu/esco/skill/66fdc34c-2326-4baa-b8ff-7a1d1015fe3a,планування й організація
KnowledgeSkillCompetence,http://data.europa.eu/esco/skill/ef7562b2-f176-4d7c-a0b2-27ae8cce0b7d,skill/competence,transversal,реагувати на фізичні зміни або небезпеку,released,,"Швидко й належно реагувати та відповідати на зовнішні або внутрішні обставини й стимули.
	",http://data.europa.eu/esco/skill/e52389a2-1a05-45b0-8db3-4bda0f0c0b48,реагування на фізичні обставини
KnowledgeSkillCompetence,http://data.europa.eu/esco/skill/f4346299-e22a-4686-8e61-2c9b0cd51c7d,skill/competence,transversal,застосовувати цифрові заходи безпеки,released,,"Використовувати прості способи для захисту цифрових пристроїв і контенту.
	",http://data.europa.eu/esco/skill/3399045f-8078-4066-8b46-475b49b260ab,робота із цифровими пристроями й прикладними програмами
KnowledgeSkillCompetence,http://data.europa.eu/esco/skill/f4bcdb75-df28-441d-a52b-9730904f36a1,skill/competence,transversal,реалізовувати права та обов’язки,released,,"Знати про конституційні і юридичні права, зокрема про обов’язок дотримуватися законодавства, сплачувати податки й надавати допомогу, про право голосу, право бути обраним чи право на присутність адвоката в залі суду, та користуватися ними.
	",http://data.europa.eu/esco/skill/d6e97b91-b75d-45f5-8566-667798957b0f,застосування громадянських навичок і компетенцій
KnowledgeSkillCompetence,http://data.europa.eu/esco/skill/fa46a48d-9cb9-422d-afab-1047654dbcdd,skill/competence,transversal,запам’ятовувати інформацію,released,,"Зберігати інформацію, як-от слова, числа, зображення та процедури, для подальшого використання.
	",http://data.europa.eu/esco/skill/fff1d675-c36a-4c12-9cd4-407f21ccd06a,"обробка інформації, ідей та концепцій"
KnowledgeSkillCompetence,http://data.europa.eu/esco/skill/fd89f784-88dc-4d35-abd7-86aa073cab12,skill/competence,transversal,зберігати відкритість до всього нового,released,,"Виявляти інтерес та відкритість до проблем інших.
	",http://data.europa.eu/esco/skill/f5c9eef3-0495-4747-9519-d71a58d252bd,демонстрація бажання вчитися
